simulation file#,score
17,5.620239e-06
15,5.317309e-06
20,5.313417e-06
19,5.189185e-06
11,5.138995e-06
