simulation file#,score
18,3.861235e+00
3,3.740610e+00
2,3.689286e+00
4,3.612250e+00
20,3.602458e+00
